{"cameraMode":{"drawMode":0,"name":"Shaded","section":"Shading Mode"},"sceneLighting":true,"audioPlay":false,"sceneViewState":{"m_AlwaysRefresh":false,"showFog":true,"showSkybox":true,"showFlares":true,"showImageEffects":true,"showParticleSystems":true,"showVisualEffectGraphs":true,"m_FxEnabled":true},"in2DMode":false,"pivot":{"x":-8.801514625549317,"y":-16.949928283691408,"z":-25.331146240234376},"rotation":{"x":0.68414705991745,"y":0.000893457792699337,"z":-0.0007537149940617383,"w":0.7295226454734802},"size":46.808807373046878,"orthographic":false}