{"cameraMode":{"drawMode":0,"name":"Shaded","section":"Shading Mode"},"sceneLighting":true,"audioPlay":false,"sceneViewState":{"m_AlwaysRefresh":false,"showFog":true,"showSkybox":true,"showFlares":true,"showImageEffects":true,"showParticleSystems":true,"showVisualEffectGraphs":true,"m_FxEnabled":true},"in2DMode":false,"pivot":{"x":36.10708999633789,"y":-6.063568115234375,"z":9.840978622436524},"rotation":{"x":0.5710113048553467,"y":0.018337126821279527,"z":-0.012460530735552311,"w":0.8208029866218567},"size":39.19699478149414,"orthographic":false}