{"cameraMode":{"drawMode":0,"name":"Shaded","section":"Shading Mode"},"sceneLighting":false,"audioPlay":false,"sceneViewState":{"m_AlwaysRefresh":false,"showFog":true,"showSkybox":false,"showFlares":true,"showImageEffects":true,"showParticleSystems":true,"showVisualEffectGraphs":true,"m_FxEnabled":true},"in2DMode":false,"pivot":{"x":-0.2259209305047989,"y":-0.2603728771209717,"z":0.024362802505493165},"rotation":{"x":0.01305748987942934,"y":-0.9685308933258057,"z":0.24351049959659577,"w":0.05233975499868393},"size":1.656609058380127,"orthographic":false}