{"cameraMode":{"drawMode":0,"name":"Shaded","section":"Shading Mode"},"sceneLighting":false,"audioPlay":false,"sceneViewState":{"m_AlwaysRefresh":false,"showFog":true,"showSkybox":false,"showFlares":true,"showImageEffects":true,"showParticleSystems":true,"showVisualEffectGraphs":true,"m_FxEnabled":true},"in2DMode":false,"pivot":{"x":0.10070380568504334,"y":0.5979440808296204,"z":-0.15408480167388917},"rotation":{"x":0.0391637422144413,"y":-0.9607145190238953,"z":0.18559348583221436,"w":0.20324444770812989},"size":0.750113308429718,"orthographic":false}